<?xml version="1.0" encoding="UTF-8"?>
<!DOCTYPE module PUBLIC "-//Google Inc.//DTD Google Web Toolkit 2.0.3//EN" "http://google-web-toolkit.googlecode.com/svn/tags/2.0.3/distro-source/core/src/gwt-module.dtd">
<module rename-to="showcase">
  <inherits name="com.google.gwt.user.User" />
  <inherits name="com.googlecode.mgwt.MGWT" />
  <inherits name="com.googlecode.mgwt.linker.Linker" />
	
<!-- <set-property name="mgwt.formfactor" value="phone" /> -->
<!-- <set-property name="mgwt.density" value="xhigh" /> -->
<!-- 	<set-property name="user.agent" value="safari" /> -->
<!-- 	<set-property name="mgwt.user.agent" value="mobile" /> -->

	<!-- -->
<!-- 	<set-configuration-property name="mgwt.css" value="pretty" /> -->
	<!-- -->

<!-- 	<set-property name="compiler.emulatedStack" value="true" /> -->
<!-- 	<set-configuration-property name="compiler.emulatedStack.recordLineNumbers" -->
<!-- 	value="true" /> -->
<!-- 	<set-configuration-property name="compiler.emulatedStack.recordFileNames" -->
<!-- 	value="true" /> -->

<!-- <inherits name="com.google.gwt.core.CrossSiteIframeLinker" /> -->
<!-- 	<add-linker name="xsiframe" /> -->

	<entry-point class="com.googlecode.mgwt.examples.showcase.client.ShowCaseEntryPoint" />
	
	<add-linker name="permutationmaplinker" />
	
	<extend-configuration-property name="html5manifestlinker_files" value="./" />
	<extend-configuration-property name="html5manifestlinker_files" value="index.html" />
	<extend-configuration-property name="html5manifestlinker_files" value="logo.png" />
	
	<set-configuration-property name="CssResource.obfuscationPrefix" value=""/>
	<set-property name="compiler.stackMode" value="strip"/>
	<set-configuration-property name="compiler.enum.obfuscate.names" value="true"/>
	
<!-- 	<set-property name="mgwt.user.agent" value="mobile" /> -->
<!-- 	<set-property name="mgwt.formfactor" value="phone" /> -->
<!-- 	<set-property name="mgwt.density" value="xhigh" /> -->
<!-- 	<set-property name="user.agent" value="safari" /> -->
	
	<add-linker name="xsiframe"/>
<!-- 	<set-configuration-property name="devModeRedirectEnabled" value="true"/> -->
<!-- 	<set-configuration-property name="mgwt.superdevmode" value="on" /> -->
<!-- 	<set-configuration-property name="mgwt.superdevmode_host" value="http://192.168.0.117:9876" /> -->
<!-- 	<set-configuration-property name="devModeUrlWhitelistRegexp" value="http://127\.0\.0\.1(:\d+)?/(.|\.|/)*" /> -->
<!-- 	<set-configuration-property name="devModeUrlWhitelistRegexp" value="http://192\.168\.0\.117(:\d+)?/(.|\.|/)*" /> -->
<!-- 	<set-configuration-property name="devModeUrlWhitelistRegexp" value="(:|\d.|\.|/)*" /> -->
	
	<source path="client" />
</module>